id,email,password_hash,anonymous_username,avatar_url,is_verified,created_at,last_login,otp_code,otp_expiry
1,urowe@example.org,seed_password_hash,gomezgloria,,t,2026-06-16 05:38:24.812481,,,
2,mcconnelltimothy@example.org,seed_password_hash,webbgeorge,,t,2026-06-16 05:38:24.876351,,,
3,aprilwhite@example.com,seed_password_hash,hermanmichael,,t,2026-06-16 05:38:24.892169,,,
4,ddavis@example.net,seed_password_hash,laura59,,t,2026-06-16 05:38:24.90032,,,
5,hsherman@example.org,seed_password_hash,lisabrown,,t,2026-06-16 05:38:24.911218,,,
6,josephashley@example.net,seed_password_hash,npeterson,,t,2026-06-16 05:38:24.916849,,,
7,kevin16@example.net,seed_password_hash,ebyrd,,t,2026-06-16 05:38:24.929265,,,
8,smithchristopher@example.com,seed_password_hash,jacobparks,,t,2026-06-16 05:38:24.936607,,,
9,qbrandt@example.net,seed_password_hash,lindsaytate,,t,2026-06-16 05:38:24.953656,,,
10,ymathews@example.com,seed_password_hash,susan37,,t,2026-06-16 05:38:24.954921,,,
11,austinjones@example.net,seed_password_hash,elewis,,t,2026-06-16 05:38:24.97078,,,
12,brian54@example.com,seed_password_hash,jennifer52,,t,2026-06-16 05:38:24.978793,,,
13,loridavis@example.net,seed_password_hash,john06,,t,2026-06-16 05:38:24.9879,,,
14,jamessmith@example.com,seed_password_hash,hawkinsrichard,,t,2026-06-16 05:38:24.996629,,,
15,michael51@example.net,seed_password_hash,carolbutler,,t,2026-06-16 05:38:25.007205,,,
16,donna46@example.net,seed_password_hash,clayton16,,t,2026-06-16 05:38:25.018245,,,
17,mrobinson@example.com,seed_password_hash,tgallagher,,t,2026-06-16 05:38:25.030921,,,
18,jason99@example.net,seed_password_hash,rroberts,,t,2026-06-16 05:38:25.031954,,,
19,connie04@example.com,seed_password_hash,johnsonstephanie,,t,2026-06-16 05:38:25.049808,,,
20,angelamurillo@example.org,seed_password_hash,urose,,t,2026-06-16 05:38:25.057917,,,
21,joseph94@example.org,seed_password_hash,ftaylor,,t,2026-06-16 05:38:25.069654,,,
22,patricktodd@example.org,seed_password_hash,xjimenez,,t,2026-06-16 05:38:25.074582,,,
23,favery@example.net,seed_password_hash,james07,,t,2026-06-16 05:38:25.081441,,,
24,whitney45@example.org,seed_password_hash,gonzalesmichael,,t,2026-06-16 05:38:25.092461,,,
25,bgray@example.com,seed_password_hash,jeromeevans,,t,2026-06-16 05:38:25.098887,,,
26,elawrence@example.net,seed_password_hash,audrey16,,t,2026-06-16 05:38:25.109118,,,
27,schroederbrian@example.net,seed_password_hash,colleen74,,t,2026-06-16 05:38:25.140052,,,
28,eric22@example.net,seed_password_hash,jennifer48,,t,2026-06-16 05:38:25.162398,,,
29,paulhernandez@example.net,seed_password_hash,jerry95,,t,2026-06-16 05:38:25.178466,,,
30,nbriggs@example.org,seed_password_hash,christophersmith,,t,2026-06-16 05:38:25.192145,,,
31,ucarpenter@example.net,seed_password_hash,hortonsarah,,t,2026-06-16 05:38:25.212828,,,
32,larry07@example.net,seed_password_hash,kristigonzalez,,t,2026-06-16 05:38:25.224524,,,
33,hbush@example.com,seed_password_hash,smiththomas,,t,2026-06-16 05:38:25.242075,,,
34,stephanie81@example.com,seed_password_hash,fitzgeraldmario,,t,2026-06-16 05:38:25.255985,,,
35,patriciabryant@example.org,seed_password_hash,kristen57,,t,2026-06-16 05:38:25.270114,,,
36,anthony03@example.com,seed_password_hash,lyonslarry,,t,2026-06-16 05:38:25.283048,,,
37,yparsons@example.com,seed_password_hash,cmaxwell,,t,2026-06-16 05:38:25.294205,,,
38,christopher35@example.com,seed_password_hash,mooremelissa,,t,2026-06-16 05:38:25.302447,,,
39,ashleywilkerson@example.org,seed_password_hash,eriley,,t,2026-06-16 05:38:25.315025,,,
40,ashleywilkinson@example.org,seed_password_hash,alexandra73,,t,2026-06-16 05:38:25.325535,,,
41,opotter@example.org,seed_password_hash,david45,,t,2026-06-16 05:38:25.33779,,,
42,ibarrajustin@example.net,seed_password_hash,laura08,,t,2026-06-16 05:38:25.349563,,,
43,terryjohnson@example.com,seed_password_hash,melissa82,,t,2026-06-16 05:38:25.363418,,,
44,lindawatson@example.org,seed_password_hash,gregoryjohnson,,t,2026-06-16 05:38:25.373192,,,
45,amanda20@example.org,seed_password_hash,awalsh,,t,2026-06-16 05:38:25.382634,,,
46,stoutkevin@example.org,seed_password_hash,jamessmith,,t,2026-06-16 05:38:25.382634,,,
47,diana04@example.org,seed_password_hash,vwhite,,t,2026-06-16 05:38:25.396028,,,
48,mbarron@example.org,seed_password_hash,gsantana,,t,2026-06-16 05:38:25.416906,,,
49,joshualopez@example.net,seed_password_hash,carolyngardner,,t,2026-06-16 05:38:25.426537,,,
50,davenportdana@example.com,seed_password_hash,pmartin,,t,2026-06-16 05:38:25.433311,,,
51,ronaldbridges@example.com,seed_password_hash,westcaitlyn,,t,2026-06-16 05:38:25.436866,,,
52,cody43@example.org,seed_password_hash,sherry76,,t,2026-06-16 05:38:25.450089,,,
53,farleychristopher@example.org,seed_password_hash,danny70,,t,2026-06-16 05:38:25.453178,,,
54,blong@example.net,seed_password_hash,coltonwalker,,t,2026-06-16 05:38:25.469935,,,
55,meganrodriguez@example.net,seed_password_hash,grobinson,,t,2026-06-16 05:38:25.477093,,,
56,patricia09@example.net,seed_password_hash,david38,,t,2026-06-16 05:38:25.48766,,,
57,matthewshaw@example.com,seed_password_hash,ramostiffany,,t,2026-06-16 05:38:25.497042,,,
58,cooperjoseph@example.com,seed_password_hash,philipdixon,,t,2026-06-16 05:38:25.50806,,,
59,zunigaross@example.org,seed_password_hash,oleonard,,t,2026-06-16 05:38:25.515051,,,
60,pmyers@example.com,seed_password_hash,carlos62,,t,2026-06-16 05:38:25.520644,,,
61,hannah54@example.net,seed_password_hash,joseph58,,t,2026-06-16 05:38:25.537455,,,
62,elee@example.org,seed_password_hash,gbailey,,t,2026-06-16 05:38:25.546003,,,
63,johnsonjoe@example.com,seed_password_hash,elliotttimothy,,t,2026-06-16 05:38:25.553344,,,
64,williamsonmichael@example.com,seed_password_hash,xwest,,t,2026-06-16 05:38:25.564023,,,
65,steven21@example.com,seed_password_hash,lrobinson,,t,2026-06-16 05:38:25.564023,,,
66,thomas59@example.net,seed_password_hash,jill43,,t,2026-06-16 05:38:25.57609,,,
67,marcus93@example.com,seed_password_hash,russellphelps,,t,2026-06-16 05:38:25.580808,,,
68,atkinsonbrian@example.org,seed_password_hash,daniel45,,t,2026-06-16 05:38:25.59365,,,
69,ayalaandrea@example.org,seed_password_hash,christianjenkins,,t,2026-06-16 05:38:25.597253,,,
70,dana33@example.net,seed_password_hash,teresa73,,t,2026-06-16 05:38:25.607709,,,
71,gsoto@example.com,seed_password_hash,jesse51,,t,2026-06-16 05:38:25.613554,,,
72,christine20@example.org,seed_password_hash,dhernandez,,t,2026-06-16 05:38:25.62507,,,
73,jameshumphrey@example.org,seed_password_hash,christophersimmons,,t,2026-06-16 05:38:25.630096,,,
74,rodrigueztyler@example.net,seed_password_hash,williamsmarie,,t,2026-06-16 05:38:25.644103,,,
75,hunter98@example.com,seed_password_hash,jonesdeborah,,t,2026-06-16 05:38:25.647173,,,
76,garciatracy@example.org,seed_password_hash,plawson,,t,2026-06-16 05:38:25.658648,,,
77,nberry@example.net,seed_password_hash,william48,,t,2026-06-16 05:38:25.66356,,,
78,rickywoodard@example.net,seed_password_hash,stephaniemartinez,,t,2026-06-16 05:38:25.674867,,,
79,wstone@example.com,seed_password_hash,loricordova,,t,2026-06-16 05:38:25.680549,,,
80,mendezrachel@example.org,seed_password_hash,robertmartin,,t,2026-06-16 05:38:25.692891,,,
81,vargasmikayla@example.org,seed_password_hash,nathanmartin,,t,2026-06-16 05:38:25.697321,,,
82,uhowell@example.org,seed_password_hash,jbrown,,t,2026-06-16 05:38:25.714309,,,
83,kingkaren@example.com,seed_password_hash,jessicadouglas,,t,2026-06-16 05:38:25.723572,,,
84,qpowers@example.org,seed_password_hash,schmittjames,,t,2026-06-16 05:38:25.733966,,,
85,shanesmith@example.net,seed_password_hash,dannycrawford,,t,2026-06-16 05:38:25.743694,,,
86,davidmoon@example.org,seed_password_hash,johnny87,,t,2026-06-16 05:38:25.747213,,,
87,tbeck@example.com,seed_password_hash,devonhale,,t,2026-06-16 05:38:25.766211,,,
88,daniel18@example.com,seed_password_hash,hfoster,,t,2026-06-16 05:38:25.782719,,,
89,lisa99@example.com,seed_password_hash,jenniferanderson,,t,2026-06-16 05:38:25.79074,,,
90,lopezbrian@example.com,seed_password_hash,bmiles,,t,2026-06-16 05:38:25.797488,,,
91,jeremiahcarter@example.net,seed_password_hash,klee,,t,2026-06-16 05:38:25.81209,,,
92,mark21@example.com,seed_password_hash,joseph41,,t,2026-06-16 05:38:25.822489,,,
93,joseunderwood@example.net,seed_password_hash,coxdanny,,t,2026-06-16 05:38:25.833035,,,
94,levisimon@example.com,seed_password_hash,logannatasha,,t,2026-06-16 05:38:25.838614,,,
95,brittanycervantes@example.net,seed_password_hash,uoneal,,t,2026-06-16 05:38:25.846878,,,
96,kathryn39@example.org,seed_password_hash,nortonseth,,t,2026-06-16 05:38:25.854955,,,
97,vgonzalez@example.net,seed_password_hash,christopheralvarez,,t,2026-06-16 05:38:25.864713,,,
98,paul72@example.org,seed_password_hash,houseantonio,,t,2026-06-16 05:38:25.872297,,,
99,theresa73@example.com,seed_password_hash,earl89,,t,2026-06-16 05:38:25.882937,,,
100,paul27@example.net,seed_password_hash,ashleyhawkins,,t,2026-06-16 05:38:25.890039,,,
101,rogersjulie@example.org,seed_password_hash,virginiadominguez,,t,2026-06-16 05:38:25.899514,,,
102,brooke73@example.com,seed_password_hash,suttonnathan,,t,2026-06-16 05:38:25.90709,,,
103,megansharp@example.com,seed_password_hash,sgarcia,,t,2026-06-16 05:38:25.916217,,,
104,wellselizabeth@example.org,seed_password_hash,richardsdakota,,t,2026-06-16 05:38:25.923823,,,
105,bensonjasmine@example.com,seed_password_hash,dorseyjose,,t,2026-06-16 05:38:25.934103,,,
106,williamsjames@example.net,seed_password_hash,ritterallison,,t,2026-06-16 05:38:25.946947,,,
107,xmartin@example.net,seed_password_hash,knoxchad,,t,2026-06-16 05:38:25.952922,,,
108,sheilasoto@example.net,seed_password_hash,oknight,,t,2026-06-16 05:38:25.962031,,,
109,ethompson@example.net,seed_password_hash,david12,,t,2026-06-16 05:38:25.97101,,,
110,bakernicholas@example.com,seed_password_hash,lawrencewilliam,,t,2026-06-16 05:38:25.979959,,,
111,deanlevy@example.net,seed_password_hash,comptonhayden,,t,2026-06-16 05:38:25.989471,,,
112,taylornatalie@example.com,seed_password_hash,psmith,,t,2026-06-16 05:38:25.996945,,,
113,martinhunter@example.org,seed_password_hash,harrisonlacey,,t,2026-06-16 05:38:26.012025,,,
114,jhammond@example.org,seed_password_hash,jonesryan,,t,2026-06-16 05:38:26.014007,,,
115,kim86@example.com,seed_password_hash,mpowell,,t,2026-06-16 05:38:26.028657,,,
116,alexander53@example.org,seed_password_hash,sullivancraig,,t,2026-06-16 05:38:26.029857,,,
117,jonathan04@example.net,seed_password_hash,noah43,,t,2026-06-16 05:38:26.046809,,,
118,timothytaylor@example.com,seed_password_hash,johnperry,,t,2026-06-16 05:38:26.047879,,,
119,jgutierrez@example.com,seed_password_hash,grace56,,t,2026-06-16 05:38:26.063887,,,
120,mariah13@example.net,seed_password_hash,kendra17,,t,2026-06-16 05:38:26.067561,,,
121,reynoldspatrick@example.org,seed_password_hash,joshuahicks,,t,2026-06-16 05:38:26.080907,,,
122,phillipskathryn@example.net,seed_password_hash,xsullivan,,t,2026-06-16 05:38:26.085603,,,
123,whitedavid@example.net,seed_password_hash,vgriffith,,t,2026-06-16 05:38:26.096692,,,
124,kwilson@example.org,seed_password_hash,bpotter,,t,2026-06-16 05:38:26.103336,,,
125,rjames@example.com,seed_password_hash,sgonzalez,,t,2026-06-16 05:38:26.114368,,,
126,brandypatel@example.org,seed_password_hash,ibarrachristopher,,t,2026-06-16 05:38:26.119875,,,
127,guerrerotara@example.org,seed_password_hash,michaeljackson,,t,2026-06-16 05:38:26.13002,,,
128,gellison@example.com,seed_password_hash,uortiz,,t,2026-06-16 05:38:26.137664,,,
129,rodgersscott@example.com,seed_password_hash,lindsayhart,,t,2026-06-16 05:38:26.153331,,,
130,veronicahall@example.net,seed_password_hash,gnichols,,t,2026-06-16 05:38:26.16344,,,
131,kellyclayton@example.net,seed_password_hash,lhernandez,,t,2026-06-16 05:38:26.173897,,,
132,jessica41@example.net,seed_password_hash,audrey90,,t,2026-06-16 05:38:26.18067,,,
133,george91@example.com,seed_password_hash,molson,,t,2026-06-16 05:38:26.187515,,,
134,nicholasperry@example.net,seed_password_hash,xwilliams,,t,2026-06-16 05:38:26.197575,,,
135,gonzalezrichard@example.org,seed_password_hash,robinreyes,,t,2026-06-16 05:38:26.211626,,,
136,knappjordan@example.com,seed_password_hash,matthewthompson,,t,2026-06-16 05:38:26.220006,,,
137,nramirez@example.net,seed_password_hash,gonzalezjessica,,t,2026-06-16 05:38:26.230156,,,
138,dnorton@example.com,seed_password_hash,leewesley,,t,2026-06-16 05:38:26.236916,,,
139,rreeves@example.org,seed_password_hash,marshallmark,,t,2026-06-16 05:38:26.24927,,,
140,moniqueweeks@example.com,seed_password_hash,rcochran,,t,2026-06-16 05:38:26.257835,,,
141,walkerkimberly@example.org,seed_password_hash,zmartinez,,t,2026-06-16 05:38:26.263387,,,
142,pamela03@example.net,seed_password_hash,joseph46,,t,2026-06-16 05:38:26.271232,,,
143,timothy38@example.net,seed_password_hash,fhartman,,t,2026-06-16 05:38:26.281842,,,
144,stephengould@example.com,seed_password_hash,christopherlee,,t,2026-06-16 05:38:26.286441,,,
145,zpatterson@example.org,seed_password_hash,kennethcline,,t,2026-06-16 05:38:26.302989,,,
146,bruceemily@example.com,seed_password_hash,srussell,,t,2026-06-16 05:38:26.310725,,,
147,samanthasmith@example.com,seed_password_hash,heathervincent,,t,2026-06-16 05:38:26.319875,,,
148,jeffery83@example.org,seed_password_hash,qmurphy,,t,2026-06-16 05:38:26.321003,,,
149,joannbautista@example.com,seed_password_hash,esantos,,t,2026-06-16 05:38:26.336464,,,
150,christopherhamilton@example.net,seed_password_hash,albert01,,t,2026-06-16 05:38:26.344536,,,
151,melissa82@example.org,seed_password_hash,thomasshirley,,t,2026-06-16 05:38:26.352835,,,
152,lambbobby@example.com,seed_password_hash,susan68,,t,2026-06-16 05:38:26.36094,,,
153,joshuacooper@example.net,seed_password_hash,bakerdylan,,t,2026-06-16 05:38:26.368908,,,
154,donaldleonard@example.net,seed_password_hash,brianwilliams,,t,2026-06-16 05:38:26.37699,,,
155,timothy59@example.net,seed_password_hash,karinaclark,,t,2026-06-16 05:38:26.385249,,,
156,johnsonjohn@example.net,seed_password_hash,jill80,,t,2026-06-16 05:38:26.393536,,,
157,sarahnguyen@example.com,seed_password_hash,maddenjeffrey,,t,2026-06-16 05:38:26.397722,,,
158,kbowen@example.org,seed_password_hash,bentoncheryl,,t,2026-06-16 05:38:26.408078,,,
159,danadaniels@example.com,seed_password_hash,willisdenise,,t,2026-06-16 05:38:26.414251,,,
160,brownbrittany@example.net,seed_password_hash,juanfleming,,t,2026-06-16 05:38:26.430057,,,
161,dylan77@example.com,seed_password_hash,josephwilliams,,t,2026-06-16 05:38:26.432116,,,
162,ganderson@example.com,seed_password_hash,davidreese,,t,2026-06-16 05:38:26.447754,,,
163,candace92@example.net,seed_password_hash,christensendaniel,,t,2026-06-16 05:38:26.452387,,,
164,davismichelle@example.org,seed_password_hash,michaelwilliams,,t,2026-06-16 05:38:26.463075,,,
165,ligabrielle@example.net,seed_password_hash,owhitehead,,t,2026-06-16 05:38:26.469259,,,
166,john12@example.com,seed_password_hash,leealexis,,t,2026-06-16 05:38:26.480333,,,
167,bhayden@example.com,seed_password_hash,ibrock,,t,2026-06-16 05:38:26.485029,,,
168,herrerajason@example.com,seed_password_hash,reginaldgrant,,t,2026-06-16 05:38:26.497547,,,
169,rickygreene@example.com,seed_password_hash,mark43,,t,2026-06-16 05:38:26.502712,,,
170,danahernandez@example.net,seed_password_hash,mcintyreelizabeth,,t,2026-06-16 05:38:26.520165,,,
171,igreen@example.org,seed_password_hash,jessicarichard,,t,2026-06-16 05:38:26.531945,,,
172,amber42@example.com,seed_password_hash,kellysolis,,t,2026-06-16 05:38:26.542882,,,
173,colleen35@example.net,seed_password_hash,dalehogan,,t,2026-06-16 05:38:26.55344,,,
174,clarkryan@example.org,seed_password_hash,snorman,,t,2026-06-16 05:38:26.563179,,,
175,brianwu@example.net,seed_password_hash,madison86,,t,2026-06-16 05:38:26.570314,,,
176,brandonlittle@example.org,seed_password_hash,aliciamoran,,t,2026-06-16 05:38:26.580744,,,
177,evansnicole@example.net,seed_password_hash,roymark,,t,2026-06-16 05:38:26.599319,,,
178,stevenbennett@example.com,seed_password_hash,huffrodney,,t,2026-06-16 05:38:26.604961,,,
179,kaitlyn50@example.net,seed_password_hash,petersonmark,,t,2026-06-16 05:38:26.619754,,,
180,utran@example.net,seed_password_hash,gdavis,,t,2026-06-16 05:38:26.630639,,,
181,kayla79@example.org,seed_password_hash,hreyes,,t,2026-06-16 05:38:26.636287,,,
182,marydavis@example.com,seed_password_hash,vmann,,t,2026-06-16 05:38:26.647742,,,
183,hickssandra@example.com,seed_password_hash,dperez,,t,2026-06-16 05:38:26.66238,,,
184,zacharybarber@example.net,seed_password_hash,christinasosa,,t,2026-06-16 05:38:26.672232,,,
185,barberashley@example.com,seed_password_hash,rachelpowell,,t,2026-06-16 05:38:26.679889,,,
186,mhayden@example.org,seed_password_hash,astokes,,t,2026-06-16 05:38:26.696568,,,
187,josebarker@example.net,seed_password_hash,deckermichael,,t,2026-06-16 05:38:26.708599,,,
188,urice@example.com,seed_password_hash,ccunningham,,t,2026-06-16 05:38:26.716625,,,
189,hensleygary@example.com,seed_password_hash,mary33,,t,2026-06-16 05:38:26.729713,,,
190,justinrogers@example.net,seed_password_hash,sydney88,,t,2026-06-16 05:38:26.741295,,,
191,xmiles@example.org,seed_password_hash,david48,,t,2026-06-16 05:38:26.752889,,,
192,ryanbrown@example.org,seed_password_hash,kryan,,t,2026-06-16 05:38:26.76394,,,
193,fbell@example.org,seed_password_hash,qcummings,,t,2026-06-16 05:38:26.767427,,,
194,jweaver@example.com,seed_password_hash,brandy47,,t,2026-06-16 05:38:26.781645,,,
195,omorrison@example.com,seed_password_hash,zrobbins,,t,2026-06-16 05:38:26.791309,,,
196,ann48@example.com,seed_password_hash,jasonlopez,,t,2026-06-16 05:38:26.799628,,,
197,stanleybrown@example.org,seed_password_hash,debbiemontgomery,,t,2026-06-16 05:38:26.807423,,,
198,harrismitchell@example.org,seed_password_hash,jamienelson,,t,2026-06-16 05:38:26.817015,,,
199,andersonjames@example.com,seed_password_hash,jasminekennedy,,t,2026-06-16 05:38:26.823235,,,
200,lararay@example.com,seed_password_hash,carellano,,t,2026-06-16 05:38:26.833432,,,
201,josephramos@example.com,seed_password_hash,andersondaniel,,t,2026-06-16 05:38:26.840631,,,
202,william85@example.net,seed_password_hash,jhudson,,t,2026-06-16 05:38:26.854609,,,
203,natalieharvey@example.net,seed_password_hash,james44,,t,2026-06-16 05:38:26.863119,,,
204,elizabethramsey@example.net,seed_password_hash,kayla47,,t,2026-06-16 05:38:26.863119,,,
205,leemichael@example.net,seed_password_hash,christopher81,,t,2026-06-16 05:38:26.879966,,,
206,arnoldchristian@example.net,seed_password_hash,ahall,,t,2026-06-16 05:38:26.883842,,,
207,jordanjessica@example.net,seed_password_hash,lopezkelly,,t,2026-06-16 05:38:26.896722,,,
208,blairdonald@example.net,seed_password_hash,april58,,t,2026-06-16 05:38:26.900789,,,
209,karenwatts@example.org,seed_password_hash,ericksondebra,,t,2026-06-16 05:38:26.913231,,,
210,michael99@example.org,seed_password_hash,clarkvictoria,,t,2026-06-16 05:38:26.918284,,,
211,lisalee@example.org,seed_password_hash,feliciadavis,,t,2026-06-16 05:38:26.933559,,,
212,veronica87@example.net,seed_password_hash,lovejessica,,t,2026-06-16 05:38:26.943699,,,
213,robyn24@example.net,seed_password_hash,nbond,,t,2026-06-16 05:38:26.953338,,,
214,rodneywong@example.com,seed_password_hash,cantrellkristy,,t,2026-06-16 05:38:26.953338,,,
215,aprilhess@example.net,seed_password_hash,richardhunt,,t,2026-06-16 05:38:26.969602,,,
216,hlopez@example.com,seed_password_hash,ashley12,,t,2026-06-16 05:38:26.969602,,,
217,iturner@example.org,seed_password_hash,pattersonolivia,,t,2026-06-16 05:38:26.98625,,,
218,abradshaw@example.net,seed_password_hash,ejohnson,,t,2026-06-16 05:38:26.995691,,,
219,rodriguezeric@example.org,seed_password_hash,jeffreyjones,,t,2026-06-16 05:38:27.007116,,,
220,craig82@example.com,seed_password_hash,stephanieramos,,t,2026-06-16 05:38:27.013196,,,
221,nathaniel78@example.net,seed_password_hash,nicholebranch,,t,2026-06-16 05:38:27.018767,,,
222,shanecortez@example.org,seed_password_hash,alexhall,,t,2026-06-16 05:38:27.030245,,,
223,michellethornton@example.org,seed_password_hash,michael71,,t,2026-06-16 05:38:27.040269,,,
224,benjamin81@example.org,seed_password_hash,jenningscarmen,,t,2026-06-16 05:38:27.052226,,,
225,dukevirginia@example.org,seed_password_hash,crosshenry,,t,2026-06-16 05:38:27.053234,,,
226,stephanie24@example.net,seed_password_hash,joejohnson,,t,2026-06-16 05:38:27.069623,,,
227,garciaalex@example.org,seed_password_hash,phillipskimberly,,t,2026-06-16 05:38:27.079521,,,
228,trangina@example.com,seed_password_hash,angelaherrera,,t,2026-06-16 05:38:27.08644,,,
229,nicholas70@example.com,seed_password_hash,michael76,,t,2026-06-16 05:38:27.100958,,,
230,jerry76@example.net,seed_password_hash,jonathanwright,,t,2026-06-16 05:38:27.105321,,,
231,david86@example.com,seed_password_hash,christopher57,,t,2026-06-16 05:38:27.118326,,,
232,kennethowens@example.com,seed_password_hash,joseph61,,t,2026-06-16 05:38:27.122725,,,
233,sotojennifer@example.org,seed_password_hash,tperez,,t,2026-06-16 05:38:27.129691,,,
234,lorraine61@example.com,seed_password_hash,ashleyayala,,t,2026-06-16 05:38:27.14625,,,
235,turnermichael@example.com,seed_password_hash,revans,,t,2026-06-16 05:38:27.148956,,,
236,vernon08@example.com,seed_password_hash,charles56,,t,2026-06-16 05:38:27.163257,,,
237,barrycontreras@example.net,seed_password_hash,brittanywright,,t,2026-06-16 05:38:27.169417,,,
238,boylerodney@example.com,seed_password_hash,lisamueller,,t,2026-06-16 05:38:27.181173,,,
239,mariagraham@example.com,seed_password_hash,ssolis,,t,2026-06-16 05:38:27.186321,,,
240,michael70@example.com,seed_password_hash,debraallen,,t,2026-06-16 05:38:27.202853,,,
241,sean34@example.org,seed_password_hash,nathan21,,t,2026-06-16 05:38:27.211469,,,
242,briananderson@example.net,seed_password_hash,armstrongkathleen,,t,2026-06-16 05:38:27.218903,,,
243,blackalexander@example.net,seed_password_hash,pgomez,,t,2026-06-16 05:38:27.230473,,,
244,brownmaria@example.org,seed_password_hash,gfuentes,,t,2026-06-16 05:38:27.245786,,,
245,kennethpatel@example.net,seed_password_hash,jody94,,t,2026-06-16 05:38:27.253395,,,
246,hatfieldtracy@example.org,seed_password_hash,rgonzales,,t,2026-06-16 05:38:27.26343,,,
247,beltrandonald@example.net,seed_password_hash,davidsloan,,t,2026-06-16 05:38:27.273503,,,
248,andres79@example.org,seed_password_hash,hughescaitlyn,,t,2026-06-16 05:38:27.286208,,,
249,chelsea36@example.net,seed_password_hash,hmorgan,,t,2026-06-16 05:38:27.298636,,,
250,phillipswilliam@example.org,seed_password_hash,thomas72,,t,2026-06-16 05:38:27.306723,,,
251,mwheeler@example.com,seed_password_hash,davidturner,,t,2026-06-16 05:38:27.320627,,,
252,adambutler@example.com,seed_password_hash,brennanjoshua,,t,2026-06-16 05:38:27.329866,,,
253,ashley90@example.com,seed_password_hash,jeremymarshall,,t,2026-06-16 05:38:27.334051,,,
254,mooreryan@example.com,seed_password_hash,austinclinton,,t,2026-06-16 05:38:27.346845,,,
255,qtaylor@example.net,seed_password_hash,carlkemp,,t,2026-06-16 05:38:27.361409,,,
256,omar81@example.org,seed_password_hash,jenniferpope,,t,2026-06-16 05:38:27.369697,,,
257,jeffrey93@example.com,seed_password_hash,vmatthews,,t,2026-06-16 05:38:27.37802,,,
258,llee@example.com,seed_password_hash,hroberts,,t,2026-06-16 05:38:27.38885,,,
259,nmcguire@example.net,seed_password_hash,eford,,t,2026-06-16 05:38:27.39646,,,
260,woodamy@example.net,seed_password_hash,joshuameyer,,t,2026-06-16 05:38:27.407039,,,
261,anthonycunningham@example.net,seed_password_hash,david71,,t,2026-06-16 05:38:27.41313,,,
262,rpollard@example.com,seed_password_hash,paige19,,t,2026-06-16 05:38:27.419639,,,
263,adrianwiley@example.com,seed_password_hash,desiree64,,t,2026-06-16 05:38:27.430712,,,
264,shane69@example.org,seed_password_hash,brownangela,,t,2026-06-16 05:38:27.44065,,,
265,nelsonjames@example.com,seed_password_hash,singhkelly,,t,2026-06-16 05:38:27.44734,,,
266,anthony85@example.org,seed_password_hash,debbie42,,t,2026-06-16 05:38:27.456313,,,
267,michaelamichael@example.net,seed_password_hash,reynoldssusan,,t,2026-06-16 05:38:27.46477,,,
268,jacob05@example.com,seed_password_hash,dwayne12,,t,2026-06-16 05:38:27.469556,,,
269,donald66@example.net,seed_password_hash,nwest,,t,2026-06-16 05:38:27.486115,,,
270,briancooper@example.com,seed_password_hash,jeremydrake,,t,2026-06-16 05:38:27.494209,,,
271,ypeterson@example.org,seed_password_hash,rebeccaolson,,t,2026-06-16 05:38:27.499485,,,
272,brandonvincent@example.net,seed_password_hash,rhondaali,,t,2026-06-16 05:38:27.508137,,,
273,fjohnson@example.org,seed_password_hash,thomas79,,t,2026-06-16 05:38:27.513916,,,
274,richardgonzalez@example.com,seed_password_hash,reginaburke,,t,2026-06-16 05:38:27.519458,,,
275,donna04@example.com,seed_password_hash,gregoryfleming,,t,2026-06-16 05:38:27.531005,,,
276,denise97@example.net,seed_password_hash,paulagriffin,,t,2026-06-16 05:38:27.536478,,,
277,susanrodriguez@example.com,seed_password_hash,joanna21,,t,2026-06-16 05:38:27.547563,,,
278,bethanyfernandez@example.com,seed_password_hash,williamsstephanie,,t,2026-06-16 05:38:27.552841,,,
279,ruthbrown@example.net,seed_password_hash,zwilson,,t,2026-06-16 05:38:27.56957,,,
280,hannah29@example.net,seed_password_hash,xharris,,t,2026-06-16 05:38:27.578128,,,
281,nicolehaynes@example.com,seed_password_hash,qhale,,t,2026-06-16 05:38:27.586427,,,
282,cevans@example.com,seed_password_hash,ibarrett,,t,2026-06-16 05:38:27.596322,,,
283,barkergreg@example.com,seed_password_hash,darrellsanchez,,t,2026-06-16 05:38:27.602991,,,
284,brett09@example.com,seed_password_hash,larry03,,t,2026-06-16 05:38:27.615093,,,
285,rebeccasantiago@example.net,seed_password_hash,pknight,,t,2026-06-16 05:38:27.6196,,,
286,belinda05@example.org,seed_password_hash,robinhoffman,,t,2026-06-16 05:38:27.629916,,,
287,roseannette@example.org,seed_password_hash,priley,,t,2026-06-16 05:38:27.63815,,,
288,jacksonjonathan@example.org,seed_password_hash,thomasmolina,,t,2026-06-16 05:38:27.64642,,,
289,gmyers@example.net,seed_password_hash,ramseydaniel,,t,2026-06-16 05:38:27.652423,,,
290,martinholly@example.com,seed_password_hash,maryfranklin,,t,2026-06-16 05:38:27.66303,,,
291,chelsearose@example.net,seed_password_hash,anthony64,,t,2026-06-16 05:38:27.668679,,,
292,tjohnson@example.org,seed_password_hash,klewis,,t,2026-06-16 05:38:27.679801,,,
293,adamsrobert@example.com,seed_password_hash,christopher23,,t,2026-06-16 05:38:27.685485,,,
294,branchkurt@example.net,seed_password_hash,crystal42,,t,2026-06-16 05:38:27.69639,,,
295,elizabeth49@example.net,seed_password_hash,yorkjoseph,,t,2026-06-16 05:38:27.701559,,,
296,nicole98@example.org,seed_password_hash,bbeck,,t,2026-06-16 05:38:27.713095,,,
297,hudsonjulie@example.com,seed_password_hash,tanderson,,t,2026-06-16 05:38:27.718011,,,
298,garciajames@example.org,seed_password_hash,millerdean,,t,2026-06-16 05:38:27.729775,,,
299,tmiller@example.org,seed_password_hash,djohnson,,t,2026-06-16 05:38:27.737705,,,
300,maymelissa@example.net,seed_password_hash,nicole14,,t,2026-06-16 05:38:27.746373,,,
